peptide_id,sequence,hc50_uM,hc50_censored
GQ20,GQLNKFIKKAQRKFHEKFAK,147.46,True
Olabogan,GRLIKFIKKAWRKFIEKFAK,35.66,False
Ratigan,GRILKFIKKAWRKIHLKFDK,139.686,True
Rudyxin,GRLLKFIKKAQRKFVEKFAK,147.924,True
Armaganan,GQLNKFIKKAWRKFFEKFAK,149.436,True
Sophieganan,GWLNKIIKKAWRKFHEIFSK,72.067,False
Piomiren,GRLNKFIKKAWRKFVLKFAK,146.106,True
Syphaxin,GVLDILKGAAKDLAGHVATKVINKI,158.602,False
Syphaxin-TI4,GVLELLKGAAKDLAGHVATKVLKKI,151.915,False
Killixin,GVLDNLKSAAKDLAGHLATKVIKKI,12.642,False
Syphaxin-TII6,GVLEILKGAAKDLAGHVATKVIKKI,151.915,False
Syphaxin-TII7,GVLEILKSAAKDLAGHVATKVIKKI,150.573,False
Syphaxin-TII8,GVIDHLKGGAKDLAGHVATKVIKKI,147.115,False
Syphaxin-TIII5,GVIDFLKGAAKDLAGHVATKVIKKL,151.019,False
OP-145,IGKEFKRIVERIKRFLRELVRPLR,122.138,True
Varsavian,IGKLFKRIHERIKRFLRVFLRRLR,113.295,False
OP-145-TI3,IGKLFKRIHLRIKRFLRELVRQLR,117.888,False
Papan,IGKLFKRIVERIRRFVRSFLRTLR,72.857,False
OP-145-TII4,IGKLFKRIVERIKRFLRVLLRILR,35.679,False
OP-145-TII5,IGKLFKRIHERIKRFLRSFLRILR,117.699,True
OP-145-TIII4,IGKEFKRIHERIKRFLRELLRHLR,113.473,True
Omiganan,ILRWPWWPWRRK,217.94,True
Alacemycin,ILRWIWKIWRRW,215.003,True
Suselkan,GLRWIWKIWRRL,22.645,False
Omiganan-TII10,ILRWPWRIWRR,231.977,True
Centaxin,LLRWIWRPWRR,231.977,True
Omiganan-TII12,ILRKPWRIWRR,226.239,True
Gedanan,FLRRFWRIWRR,215.562,False
Pexiganan,GIGKFLKKAKKFGKAFVKILKK,141.538,True
Hydraganan-1,GVGKKLWFALKKPLGLVKFFKLL,149.335,True
Hydraganan-2,GIGKFLKFALKKGLGLVLKFKL,159.19,True
