peptide_id,sequence,is_prototype,strain,strain_type,mic_uM,mic_censored
GQ20,GQLNKFIKKAQRKFHEKFAK,True,S. aureus ATCC 33591,+,147.46,True
GQ20,GQLNKFIKKAQRKFHEKFAK,True,E. coli ATCC 25922,-,147.46,True
GQ20,GQLNKFIKKAQRKFHEKFAK,True,E. coli ATCC 43827,-,147.46,True
GQ20,GQLNKFIKKAQRKFHEKFAK,True,A. baumannii ATCC BAA-1605,-,73.73,False
GQ20,GQLNKFIKKAQRKFHEKFAK,True,P. aeruginosa ATCC 9027,-,147.46,False
Olabogan,GRLIKFIKKAWRKFIEKFAK,False,S. aureus ATCC 33591,+,9.057,False
Olabogan,GRLIKFIKKAWRKFIEKFAK,False,E. coli ATCC 25922,-,18.113,False
Olabogan,GRLIKFIKKAWRKFIEKFAK,False,E. coli ATCC 43827,-,9.057,False
Olabogan,GRLIKFIKKAWRKFIEKFAK,False,A. baumannii ATCC BAA-1605,-,9.057,False
Olabogan,GRLIKFIKKAWRKFIEKFAK,False,P. aeruginosa ATCC 9027,-,18.113,False
Ratigan,GRILKFIKKAWRKIHLKFDK,False,S. aureus ATCC 33591,+,17.461,False
Ratigan,GRILKFIKKAWRKIHLKFDK,False,E. coli ATCC 25922,-,8.73,False
Ratigan,GRILKFIKKAWRKIHLKFDK,False,E. coli ATCC 43827,-,1.091,False
Ratigan,GRILKFIKKAWRKIHLKFDK,False,A. baumannii ATCC BAA-1605,-,2.183,False
Ratigan,GRILKFIKKAWRKIHLKFDK,False,P. aeruginosa ATCC 9027,-,8.73,False
Rudyxin,GRLLKFIKKAQRKFVEKFAK,False,S. aureus ATCC 33591,+,147.924,False
Rudyxin,GRLLKFIKKAQRKFVEKFAK,False,E. coli ATCC 25922,-,36.981,False
Rudyxin,GRLLKFIKKAQRKFVEKFAK,False,E. coli ATCC 43827,-,1.156,False
Rudyxin,GRLLKFIKKAQRKFVEKFAK,False,A. baumannii ATCC BAA-1605,-,2.311,False
Rudyxin,GRLLKFIKKAQRKFVEKFAK,False,P. aeruginosa ATCC 9027,-,9.245,False
Armaganan,GQLNKFIKKAWRKFFEKFAK,False,S. aureus ATCC 33591,+,18.679,False
Armaganan,GQLNKFIKKAWRKFFEKFAK,False,E. coli ATCC 25922,-,2.335,False
Armaganan,GQLNKFIKKAWRKFFEKFAK,False,E. coli ATCC 43827,-,2.335,False
Armaganan,GQLNKFIKKAWRKFFEKFAK,False,A. baumannii ATCC BAA-1605,-,1.167,False
Armaganan,GQLNKFIKKAWRKFFEKFAK,False,P. aeruginosa ATCC 9027,-,9.34,False
Sophieganan,GWLNKIIKKAWRKFHEIFSK,False,S. aureus ATCC 33591,+,1.162,False
Sophieganan,GWLNKIIKKAWRKFHEIFSK,False,E. coli ATCC 25922,-,1.162,False
Sophieganan,GWLNKIIKKAWRKFHEIFSK,False,E. coli ATCC 43827,-,2.325,False
Sophieganan,GWLNKIIKKAWRKFHEIFSK,False,A. baumannii ATCC BAA-1605,-,0.581,False
Sophieganan,GWLNKIIKKAWRKFHEIFSK,False,P. aeruginosa ATCC 9027,-,9.299,False
Piomiren,GRLNKFIKKAWRKFVLKFAK,False,S. aureus ATCC 33591,+,9.132,False
Piomiren,GRLNKFIKKAWRKFVLKFAK,False,E. coli ATCC 25922,-,2.283,False
Piomiren,GRLNKFIKKAWRKFVLKFAK,False,E. coli ATCC 43827,-,2.283,False
Piomiren,GRLNKFIKKAWRKFVLKFAK,False,A. baumannii ATCC BAA-1605,-,1.141,False
Piomiren,GRLNKFIKKAWRKFVLKFAK,False,P. aeruginosa ATCC 9027,-,4.566,False
Syphaxin,GVLDILKGAAKDLAGHVATKVINKI,True,S. aureus ATCC 33591,+,158.602,True
Syphaxin,GVLDILKGAAKDLAGHVATKVINKI,True,E. coli ATCC 25922,-,158.602,False
Syphaxin,GVLDILKGAAKDLAGHVATKVINKI,True,E. coli ATCC 43827,-,158.602,True
Syphaxin,GVLDILKGAAKDLAGHVATKVINKI,True,A. baumannii ATCC BAA-1605,-,39.651,False
Syphaxin,GVLDILKGAAKDLAGHVATKVINKI,True,P. aeruginosa ATCC 9027,-,158.602,True
Syphaxin-TI4,GVLELLKGAAKDLAGHVATKVLKKI,False,S. aureus ATCC 33591,+,151.915,True
Syphaxin-TI4,GVLELLKGAAKDLAGHVATKVLKKI,False,E. coli ATCC 25922,-,75.957,False
Syphaxin-TI4,GVLELLKGAAKDLAGHVATKVLKKI,False,E. coli ATCC 43827,-,151.915,False
Syphaxin-TI4,GVLELLKGAAKDLAGHVATKVLKKI,False,A. baumannii ATCC BAA-1605,-,18.989,False
Syphaxin-TI4,GVLELLKGAAKDLAGHVATKVLKKI,False,P. aeruginosa ATCC 9027,-,151.915,True
Killixin,GVLDNLKSAAKDLAGHLATKVIKKI,False,S. aureus ATCC 33591,+,2.352,False
Killixin,GVLDNLKSAAKDLAGHLATKVIKKI,False,E. coli ATCC 25922,-,9.408,False
Killixin,GVLDNLKSAAKDLAGHLATKVIKKI,False,E. coli ATCC 43827,-,9.408,False
Killixin,GVLDNLKSAAKDLAGHLATKVIKKI,False,A. baumannii ATCC BAA-1605,-,4.704,False
Killixin,GVLDNLKSAAKDLAGHLATKVIKKI,False,P. aeruginosa ATCC 9027,-,18.816,False
Syphaxin-TII6,GVLEILKGAAKDLAGHVATKVIKKI,False,S. aureus ATCC 33591,+,151.915,True
Syphaxin-TII6,GVLEILKGAAKDLAGHVATKVIKKI,False,E. coli ATCC 25922,-,75.957,False
Syphaxin-TII6,GVLEILKGAAKDLAGHVATKVIKKI,False,E. coli ATCC 43827,-,151.915,False
Syphaxin-TII6,GVLEILKGAAKDLAGHVATKVIKKI,False,A. baumannii ATCC BAA-1605,-,18.989,False
Syphaxin-TII6,GVLEILKGAAKDLAGHVATKVIKKI,False,P. aeruginosa ATCC 9027,-,151.915,True
Syphaxin-TII7,GVLEILKSAAKDLAGHVATKVIKKI,False,S. aureus ATCC 33591,+,150.573,True
Syphaxin-TII7,GVLEILKSAAKDLAGHVATKVIKKI,False,E. coli ATCC 25922,-,75.287,False
Syphaxin-TII7,GVLEILKSAAKDLAGHVATKVIKKI,False,E. coli ATCC 43827,-,150.573,False
Syphaxin-TII7,GVLEILKSAAKDLAGHVATKVIKKI,False,A. baumannii ATCC BAA-1605,-,18.822,False
Syphaxin-TII7,GVLEILKSAAKDLAGHVATKVIKKI,False,P. aeruginosa ATCC 9027,-,150.573,False
Syphaxin-TII8,GVIDHLKGGAKDLAGHVATKVIKKI,False,S. aureus ATCC 33591,+,147.115,True
Syphaxin-TII8,GVIDHLKGGAKDLAGHVATKVIKKI,False,E. coli ATCC 25922,-,147.115,True
Syphaxin-TII8,GVIDHLKGGAKDLAGHVATKVIKKI,False,E. coli ATCC 43827,-,147.115,True
Syphaxin-TII8,GVIDHLKGGAKDLAGHVATKVIKKI,False,A. baumannii ATCC BAA-1605,-,147.115,True
Syphaxin-TII8,GVIDHLKGGAKDLAGHVATKVIKKI,False,P. aeruginosa ATCC 9027,-,147.115,True
Syphaxin-TIII5,GVIDFLKGAAKDLAGHVATKVIKKL,False,S. aureus ATCC 33591,+,151.019,True
Syphaxin-TIII5,GVIDFLKGAAKDLAGHVATKVIKKL,False,E. coli ATCC 25922,-,75.509,False
Syphaxin-TIII5,GVIDFLKGAAKDLAGHVATKVIKKL,False,E. coli ATCC 43827,-,151.019,False
Syphaxin-TIII5,GVIDFLKGAAKDLAGHVATKVIKKL,False,A. baumannii ATCC BAA-1605,-,18.877,False
Syphaxin-TIII5,GVIDFLKGAAKDLAGHVATKVIKKL,False,P. aeruginosa ATCC 9027,-,151.019,False
OP-145,IGKEFKRIVERIKRFLRELVRPLR,True,S. aureus ATCC 33591,+,30.535,False
OP-145,IGKEFKRIVERIKRFLRELVRPLR,True,E. coli ATCC 25922,-,30.535,False
OP-145,IGKEFKRIVERIKRFLRELVRPLR,True,E. coli ATCC 43827,-,30.535,False
OP-145,IGKEFKRIVERIKRFLRELVRPLR,True,A. baumannii ATCC BAA-1605,-,7.634,False
OP-145,IGKEFKRIVERIKRFLRELVRPLR,True,P. aeruginosa ATCC 9027,-,61.069,False
Varsavian,IGKLFKRIHERIKRFLRVFLRRLR,False,S. aureus ATCC 33591,+,7.081,False
Varsavian,IGKLFKRIHERIKRFLRVFLRRLR,False,E. coli ATCC 25922,-,14.162,False
Varsavian,IGKLFKRIHERIKRFLRVFLRRLR,False,E. coli ATCC 43827,-,14.162,False
Varsavian,IGKLFKRIHERIKRFLRVFLRRLR,False,A. baumannii ATCC BAA-1605,-,7.081,False
Varsavian,IGKLFKRIHERIKRFLRVFLRRLR,False,P. aeruginosa ATCC 9027,-,28.324,False
OP-145-TI3,IGKLFKRIHLRIKRFLRELVRQLR,False,S. aureus ATCC 33591,+,117.888,True
OP-145-TI3,IGKLFKRIHLRIKRFLRELVRQLR,False,E. coli ATCC 25922,-,58.944,False
OP-145-TI3,IGKLFKRIHLRIKRFLRELVRQLR,False,E. coli ATCC 43827,-,58.944,False
OP-145-TI3,IGKLFKRIHLRIKRFLRELVRQLR,False,A. baumannii ATCC BAA-1605,-,14.736,False
OP-145-TI3,IGKLFKRIHLRIKRFLRELVRQLR,False,P. aeruginosa ATCC 9027,-,117.888,True
Papan,IGKLFKRIVERIRRFVRSFLRTLR,False,S. aureus ATCC 33591,+,7.619,False
Papan,IGKLFKRIVERIRRFVRSFLRTLR,False,E. coli ATCC 25922,-,15.238,False
Papan,IGKLFKRIVERIRRFVRSFLRTLR,False,E. coli ATCC 43827,-,7.619,False
Papan,IGKLFKRIVERIRRFVRSFLRTLR,False,A. baumannii ATCC BAA-1605,-,7.619,False
Papan,IGKLFKRIVERIRRFVRSFLRTLR,False,P. aeruginosa ATCC 9027,-,30.476,False
OP-145-TII4,IGKLFKRIVERIKRFLRVLLRILR,False,S. aureus ATCC 33591,+,30.651,False
OP-145-TII4,IGKLFKRIVERIKRFLRVLLRILR,False,E. coli ATCC 25922,-,61.301,False
OP-145-TII4,IGKLFKRIVERIKRFLRVLLRILR,False,E. coli ATCC 43827,-,61.301,False
OP-145-TII4,IGKLFKRIVERIKRFLRVLLRILR,False,A. baumannii ATCC BAA-1605,-,61.301,False
OP-145-TII4,IGKLFKRIVERIKRFLRVLLRILR,False,P. aeruginosa ATCC 9027,-,61.301,False
OP-145-TII5,IGKLFKRIHERIKRFLRSFLRILR,False,S. aureus ATCC 33591,+,14.712,False
OP-145-TII5,IGKLFKRIHERIKRFLRSFLRILR,False,E. coli ATCC 25922,-,14.712,False
OP-145-TII5,IGKLFKRIHERIKRFLRSFLRILR,False,E. coli ATCC 43827,-,14.712,False
OP-145-TII5,IGKLFKRIHERIKRFLRSFLRILR,False,A. baumannii ATCC BAA-1605,-,14.712,False
OP-145-TII5,IGKLFKRIHERIKRFLRSFLRILR,False,P. aeruginosa ATCC 9027,-,29.425,False
OP-145-TIII4,IGKEFKRIHERIKRFLRELLRHLR,False,S. aureus ATCC 33591,+,28.368,False
OP-145-TIII4,IGKEFKRIHERIKRFLRELLRHLR,False,E. coli ATCC 25922,-,14.184,False
OP-145-TIII4,IGKEFKRIHERIKRFLRELLRHLR,False,E. coli ATCC 43827,-,14.184,False
OP-145-TIII4,IGKEFKRIHERIKRFLRELLRHLR,False,A. baumannii ATCC BAA-1605,-,14.184,False
OP-145-TIII4,IGKEFKRIHERIKRFLRELLRHLR,False,P. aeruginosa ATCC 9027,-,28.368,False
Omiganan,ILRWPWWPWRRK,True,S. aureus ATCC 33591,+,27.242,False
Omiganan,ILRWPWWPWRRK,True,E. coli ATCC 25922,-,13.621,False
Omiganan,ILRWPWWPWRRK,True,E. coli ATCC 43827,-,13.621,False
Omiganan,ILRWPWWPWRRK,True,A. baumannii ATCC BAA-1605,-,54.485,False
Omiganan,ILRWPWWPWRRK,True,P. aeruginosa ATCC 9027,-,54.485,False
Alacemycin,ILRWIWKIWRRW,False,S. aureus ATCC 33591,+,3.359,False
Alacemycin,ILRWIWKIWRRW,False,E. coli ATCC 25922,-,13.438,False
Alacemycin,ILRWIWKIWRRW,False,E. coli ATCC 43827,-,6.719,False
Alacemycin,ILRWIWKIWRRW,False,A. baumannii ATCC BAA-1605,-,3.359,False
Alacemycin,ILRWIWKIWRRW,False,P. aeruginosa ATCC 9027,-,13.438,False
Suselkan,GLRWIWKIWRRL,False,S. aureus ATCC 33591,+,1.776,False
Suselkan,GLRWIWKIWRRL,False,E. coli ATCC 25922,-,3.552,False
Suselkan,GLRWIWKIWRRL,False,E. coli ATCC 43827,-,1.776,False
Suselkan,GLRWIWKIWRRL,False,A. baumannii ATCC BAA-1605,-,1.776,False
Suselkan,GLRWIWKIWRRL,False,P. aeruginosa ATCC 9027,-,7.104,False
Omiganan-TII10,ILRWPWRIWRR,False,S. aureus ATCC 33591,+,28.997,False
Omiganan-TII10,ILRWPWRIWRR,False,E. coli ATCC 25922,-,28.997,False
Omiganan-TII10,ILRWPWRIWRR,False,E. coli ATCC 43827,-,28.997,False
Omiganan-TII10,ILRWPWRIWRR,False,A. baumannii ATCC BAA-1605,-,115.989,False
Omiganan-TII10,ILRWPWRIWRR,False,P. aeruginosa ATCC 9027,-,57.994,False
Centaxin,LLRWIWRPWRR,False,S. aureus ATCC 33591,+,14.499,False
Centaxin,LLRWIWRPWRR,False,E. coli ATCC 25922,-,14.499,False
Centaxin,LLRWIWRPWRR,False,E. coli ATCC 43827,-,14.499,False
Centaxin,LLRWIWRPWRR,False,A. baumannii ATCC BAA-1605,-,115.989,False
Centaxin,LLRWIWRPWRR,False,P. aeruginosa ATCC 9027,-,28.997,False
Omiganan-TII12,ILRKPWRIWRR,False,S. aureus ATCC 33591,+,226.239,False
Omiganan-TII12,ILRKPWRIWRR,False,E. coli ATCC 25922,-,28.28,False
Omiganan-TII12,ILRKPWRIWRR,False,E. coli ATCC 43827,-,28.28,False
Omiganan-TII12,ILRKPWRIWRR,False,A. baumannii ATCC BAA-1605,-,226.239,True
Omiganan-TII12,ILRKPWRIWRR,False,P. aeruginosa ATCC 9027,-,226.239,False
Gedanan,FLRRFWRIWRR,False,S. aureus ATCC 33591,+,3.368,False
Gedanan,FLRRFWRIWRR,False,E. coli ATCC 25922,-,13.473,False
Gedanan,FLRRFWRIWRR,False,E. coli ATCC 43827,-,13.473,False
Gedanan,FLRRFWRIWRR,False,A. baumannii ATCC BAA-1605,-,13.473,False
Gedanan,FLRRFWRIWRR,False,P. aeruginosa ATCC 9027,-,6.736,False
Pexiganan,GIGKFLKKAKKFGKAFVKILKK,True,S. aureus ATCC 33591,+,8.846,False
Pexiganan,GIGKFLKKAKKFGKAFVKILKK,True,E. coli ATCC 25922,-,4.423,False
Pexiganan,GIGKFLKKAKKFGKAFVKILKK,True,E. coli ATCC 43827,-,1.106,False
Pexiganan,GIGKFLKKAKKFGKAFVKILKK,True,A. baumannii ATCC BAA-1605,-,0.553,False
Pexiganan,GIGKFLKKAKKFGKAFVKILKK,True,P. aeruginosa ATCC 9027,-,2.212,False
Hydraganan-1,GVGKKLWFALKKPLGLVKFFKLL,False,S. aureus ATCC 33591,+,2.333,False
Hydraganan-1,GVGKKLWFALKKPLGLVKFFKLL,False,E. coli ATCC 25922,-,2.333,False
Hydraganan-1,GVGKKLWFALKKPLGLVKFFKLL,False,E. coli ATCC 43827,-,4.667,False
Hydraganan-1,GVGKKLWFALKKPLGLVKFFKLL,False,A. baumannii ATCC BAA-1605,-,1.167,False
Hydraganan-1,GVGKKLWFALKKPLGLVKFFKLL,False,P. aeruginosa ATCC 9027,-,9.333,False
Hydraganan-2,GIGKFLKFALKKGLGLVLKFKL,False,S. aureus ATCC 33591,+,9.949,False
Hydraganan-2,GIGKFLKFALKKGLGLVLKFKL,False,E. coli ATCC 25922,-,39.798,False
Hydraganan-2,GIGKFLKFALKKGLGLVLKFKL,False,E. coli ATCC 43827,-,39.798,False
Hydraganan-2,GIGKFLKFALKKGLGLVLKFKL,False,A. baumannii ATCC BAA-1605,-,9.949,False
Hydraganan-2,GIGKFLKFALKKGLGLVLKFKL,False,P. aeruginosa ATCC 9027,-,39.798,False
Temporin-A,FLPLIGRVLSGIL,True,E. coli ATCC 43827,-,157.556,False
Temporin-A,FLPLIGRVLSGIL,True,E. coli ATCC 25922,-,157.556,False
Temp-P1-1,FLPLIGRVFSGIL,False,E. coli ATCC 43827,-,308.649,False
Temp-P1-1,FLPLIGRVFSGIL,False,E. coli ATCC 25922,-,308.649,False
Temp-P1-2,FLPLIGRVFSGIK,False,E. coli ATCC 43827,-,286.374,True
Temp-P1-2,FLPLIGRVFSGIK,False,E. coli ATCC 25922,-,286.374,True
Temp-P1-3,FLPLIGRVLSGIA,False,E. coli ATCC 43827,-,323.489,False
Temp-P1-3,FLPLIGRVLSGIA,False,E. coli ATCC 25922,-,323.489,False
Temp-P1-4,FLPLIGRVKSGIK,False,E. coli ATCC 43827,-,271.922,True
Temp-P1-4,FLPLIGRVKSGIK,False,E. coli ATCC 25922,-,271.922,True
Temp-P1-5,FLPIKNRYASAAE,False,E. coli ATCC 43827,-,281.199,True
Temp-P1-5,FLPIKNRYASAAE,False,E. coli ATCC 25922,-,281.199,True
Pex-P1-3,GVAKKLWIAAKKPAGAGSKFKLL,False,E. coli ATCC 43827,-,161.0,False
Pex-P1-3,GVAKKLWIAAKKPAGAGSKFKLL,False,E. coli ATCC 25922,-,161.0,True
Pex-P1-4,GELKKLWQAGKLSEEDGGAFKAG,False,E. coli ATCC 43827,-,171.304,True
Pex-P1-4,GELKKLWQAGKLSEEDGGAFKAG,False,E. coli ATCC 25922,-,171.304,True
HydrAMP-Unc-1,HWKRIFGIWK,False,S. aureus ATCC 33591,+,131.974,True
HydrAMP-Unc-1,HWKRIFGIWK,False,E. coli ATCC 25922,-,131.974,True
HydrAMP-Unc-2,GALKLLAKWA,False,S. aureus ATCC 33591,+,181.378,True
HydrAMP-Unc-2,GALKLLAKWA,False,E. coli ATCC 25922,-,181.378,True
HydrAMP-Unc-3,PWKLWLKRW,False,S. aureus ATCC 33591,+,144.819,True
HydrAMP-Unc-3,PWKLWLKRW,False,E. coli ATCC 25922,-,144.819,True
HydrAMP-Unc-4,IKLALKW,False,S. aureus ATCC 33591,+,211.185,True
HydrAMP-Unc-4,IKLALKW,False,E. coli ATCC 25922,-,211.185,True
HydrAMP-Unc-5,FRVKLMLKK,False,S. aureus ATCC 33591,+,147.835,True
HydrAMP-Unc-5,FRVKLMLKK,False,E. coli ATCC 25922,-,147.835,True
HydrAMP-Unc-6,GWGLSLNKLVFLW,False,S. aureus ATCC 33591,+,145.463,True
HydrAMP-Unc-6,GWGLSLNKLVFLW,False,E. coli ATCC 25922,-,145.463,True
HydrAMP-Unc-7,FNWLKSIKWSSK,False,S. aureus ATCC 33591,+,129.365,True
HydrAMP-Unc-7,FNWLKSIKWSSK,False,E. coli ATCC 25922,-,129.365,True
HydrAMP-Unc-8,IPLWWRPELNKLG,False,S. aureus ATCC 33591,+,130.411,True
HydrAMP-Unc-8,IPLWWRPELNKLG,False,E. coli ATCC 25922,-,130.411,True
